{
  "name": "tender-management-vps",
  "version": "1.0.0",
  "type": "commonjs",
  "main": "start-production-vps.cjs",
  "scripts": {
    "start": "node start-production-vps.cjs",
    "start:prod": "NODE_ENV=production node start-production-vps.cjs",
    "start:dev": "NODE_ENV=development node start-production-vps.cjs",
    "test": "node start-production-vps.cjs",
    "pm2:start": "pm2 start start-production-vps.cjs --name tender-management",
    "pm2:restart": "pm2 restart tender-management",
    "pm2:stop": "pm2 stop tender-management",
    "pm2:logs": "pm2 logs tender-management"
  },
  "engines": {
    "node": ">=16.0.0"
  },
  "dependencies": {
    "express": "^4.18.2",
    "cors": "^2.8.5",
    "helmet": "^7.0.0",
    "dotenv": "^16.3.1"
  },
  "devDependencies": {
    "tsx": "^4.7.0",
    "ts-node": "^10.9.1",
    "typescript": "^5.3.3"
  },
  "keywords": [
    "tender",
    "management",
    "vps",
    "production"
  ],
  "description": "VPS-compatible version of Tender Management System"
}